solution_id,breakdown,category,cycles,power_mw,energy_nj,share_percent
optimized_Os,total_cycles,startup,60,,,15.3061
optimized_Os,total_cycles,even_input,28,,,7.14286
optimized_Os,total_cycles,fft8_even,5,,,1.27551
optimized_Os,total_cycles,read_even_prepare_odd,17,,,4.33673
optimized_Os,total_cycles,odd_input,28,,,7.14286
optimized_Os,total_cycles,fft8_odd,5,,,1.27551
optimized_Os,total_cycles,merge_writeback,249,,,63.5204
optimized_Os,post_fft2_cycles,unity_k0,19,,,7.63052
optimized_Os,post_fft2_cycles,swap_k4,20,,,8.03213
optimized_Os,post_fft2_cycles,quarter_k2_k6,65,,,26.1044
optimized_Os,post_fft2_cycles,general_odd_k,145,,,58.2329
optimized_Os,energy_by_hierarchy,cpu_subsystem,,21.1,24.9086,61.516
optimized_Os,energy_by_hierarchy,fft8_accelerator,,7.178,8.47363,20.9271
optimized_Os,energy_by_hierarchy,instruction_sram,,3.58,4.22619,10.4373
optimized_Os,energy_by_hierarchy,data_sram,,1.05,1.23952,3.06122
optimized_Os,energy_by_hierarchy,rom,,0.383,0.452132,1.11662
optimized_Os,energy_by_hierarchy,data_fabric,,0.18,0.21249,0.524781
optimized_Os,energy_by_hierarchy,other_top_level,,0.829,0.978634,2.41691
optimized_Os,energy_by_type,cell_internal,,26.5,31.2477,77.1717
optimized_Os,energy_by_type,net_switching,,6.595,7.77656,19.2056
optimized_Os,energy_by_type,cell_leakage,,1.244,1.46687,3.6227
